{
  "hash": "c1af0946",
  "configHash": "ccf21bc2",
  "lockfileHash": "18a09aac",
  "browserHash": "07d55334",
  "optimized": {
    "@angular/cdk/bidi": {
      "src": "../../../../../../node_modules/@angular/cdk/fesm2022/bidi.mjs",
      "file": "@angular_cdk_bidi.js",
      "fileHash": "44720cf7",
      "needsInterop": false
    },
    "@angular/cdk/scrolling": {
      "src": "../../../../../../node_modules/@angular/cdk/fesm2022/scrolling.mjs",
      "file": "@angular_cdk_scrolling.js",
      "fileHash": "be086051",
      "needsInterop": false
    },
    "@angular/common": {
      "src": "../../../../../../node_modules/@angular/common/fesm2022/common.mjs",
      "file": "@angular_common.js",
      "fileHash": "9b897a96",
      "needsInterop": false
    },
    "@angular/common/http": {
      "src": "../../../../../../node_modules/@angular/common/fesm2022/http.mjs",
      "file": "@angular_common_http.js",
      "fileHash": "b88bdb48",
      "needsInterop": false
    },
    "@angular/core": {
      "src": "../../../../../../node_modules/@angular/core/fesm2022/core.mjs",
      "file": "@angular_core.js",
      "fileHash": "cea01d98",
      "needsInterop": false
    },
    "@angular/forms": {
      "src": "../../../../../../node_modules/@angular/forms/fesm2022/forms.mjs",
      "file": "@angular_forms.js",
      "fileHash": "3315a907",
      "needsInterop": false
    },
    "@angular/material/card": {
      "src": "../../../../../../node_modules/@angular/material/fesm2022/card.mjs",
      "file": "@angular_material_card.js",
      "fileHash": "b82e4729",
      "needsInterop": false
    },
    "@angular/material/divider": {
      "src": "../../../../../../node_modules/@angular/material/fesm2022/divider.mjs",
      "file": "@angular_material_divider.js",
      "fileHash": "b05486a5",
      "needsInterop": false
    },
    "@angular/material/list": {
      "src": "../../../../../../node_modules/@angular/material/fesm2022/list.mjs",
      "file": "@angular_material_list.js",
      "fileHash": "fbf96459",
      "needsInterop": false
    },
    "@angular/material/sidenav": {
      "src": "../../../../../../node_modules/@angular/material/fesm2022/sidenav.mjs",
      "file": "@angular_material_sidenav.js",
      "fileHash": "afe79ba2",
      "needsInterop": false
    },
    "@angular/material/snack-bar": {
      "src": "../../../../../../node_modules/@angular/material/fesm2022/snack-bar.mjs",
      "file": "@angular_material_snack-bar.js",
      "fileHash": "727bb7a8",
      "needsInterop": false
    },
    "@angular/material/toolbar": {
      "src": "../../../../../../node_modules/@angular/material/fesm2022/toolbar.mjs",
      "file": "@angular_material_toolbar.js",
      "fileHash": "d31e3229",
      "needsInterop": false
    },
    "@angular/platform-browser": {
      "src": "../../../../../../node_modules/@angular/platform-browser/fesm2022/platform-browser.mjs",
      "file": "@angular_platform-browser.js",
      "fileHash": "f42a094e",
      "needsInterop": false
    },
    "@angular/platform-server": {
      "src": "../../../../../../node_modules/@angular/platform-server/fesm2022/platform-server.mjs",
      "file": "@angular_platform-server.js",
      "fileHash": "2e8249da",
      "needsInterop": false
    },
    "@angular/router": {
      "src": "../../../../../../node_modules/@angular/router/fesm2022/router.mjs",
      "file": "@angular_router.js",
      "fileHash": "b887d77d",
      "needsInterop": false
    },
    "@angular/ssr": {
      "src": "../../../../../../node_modules/@angular/ssr/fesm2022/ssr.mjs",
      "file": "@angular_ssr.js",
      "fileHash": "efaf520e",
      "needsInterop": false
    },
    "@angular/ssr/node": {
      "src": "../../../../../../node_modules/@angular/ssr/fesm2022/node.mjs",
      "file": "@angular_ssr_node.js",
      "fileHash": "d2371c7c",
      "needsInterop": false
    },
    "express": {
      "src": "../../../../../../node_modules/express/index.js",
      "file": "express.js",
      "fileHash": "98fc0b76",
      "needsInterop": true
    },
    "@angular/material/form-field": {
      "src": "../../../../../../node_modules/@angular/material/fesm2022/form-field.mjs",
      "file": "@angular_material_form-field.js",
      "fileHash": "b9285e24",
      "needsInterop": false
    },
    "@angular/material/input": {
      "src": "../../../../../../node_modules/@angular/material/fesm2022/input.mjs",
      "file": "@angular_material_input.js",
      "fileHash": "b7c5d471",
      "needsInterop": false
    },
    "@angular/material/button": {
      "src": "../../../../../../node_modules/@angular/material/fesm2022/button.mjs",
      "file": "@angular_material_button.js",
      "fileHash": "c3aa8c42",
      "needsInterop": false
    },
    "@angular/material/table": {
      "src": "../../../../../../node_modules/@angular/material/fesm2022/table.mjs",
      "file": "@angular_material_table.js",
      "fileHash": "06316847",
      "needsInterop": false
    },
    "@angular/cdk/text-field": {
      "src": "../../../../../../node_modules/@angular/cdk/fesm2022/text-field.mjs",
      "file": "@angular_cdk_text-field.js",
      "fileHash": "6cb5d326",
      "needsInterop": false
    }
  },
  "chunks": {
    "chunk-RVICGTJM": {
      "file": "chunk-RVICGTJM.js"
    },
    "chunk-JHCVAFLA": {
      "file": "chunk-JHCVAFLA.js"
    },
    "chunk-UAB4JRO6": {
      "file": "chunk-UAB4JRO6.js"
    },
    "xhr2-TXIMV6CV": {
      "file": "xhr2-TXIMV6CV.js"
    },
    "chunk-YBODC4LN": {
      "file": "chunk-YBODC4LN.js"
    },
    "chunk-FTZZESUS": {
      "file": "chunk-FTZZESUS.js"
    },
    "chunk-PDRROUN7": {
      "file": "chunk-PDRROUN7.js"
    },
    "chunk-57WYB6NA": {
      "file": "chunk-57WYB6NA.js"
    },
    "chunk-L3YT64DC": {
      "file": "chunk-L3YT64DC.js"
    },
    "chunk-D5EKC6XX": {
      "file": "chunk-D5EKC6XX.js"
    },
    "chunk-JGARJK4A": {
      "file": "chunk-JGARJK4A.js"
    },
    "chunk-PCL5FMWW": {
      "file": "chunk-PCL5FMWW.js"
    },
    "chunk-TG5OPGYO": {
      "file": "chunk-TG5OPGYO.js"
    },
    "chunk-XFPS6OOG": {
      "file": "chunk-XFPS6OOG.js"
    },
    "chunk-7LEHMZOP": {
      "file": "chunk-7LEHMZOP.js"
    },
    "chunk-UYDFKG6B": {
      "file": "chunk-UYDFKG6B.js"
    },
    "chunk-HJTKKQ3X": {
      "file": "chunk-HJTKKQ3X.js"
    },
    "chunk-GNPF22OS": {
      "file": "chunk-GNPF22OS.js"
    },
    "chunk-UF743SJM": {
      "file": "chunk-UF743SJM.js"
    },
    "chunk-UQQJBGUC": {
      "file": "chunk-UQQJBGUC.js"
    },
    "chunk-HCNAR6SG": {
      "file": "chunk-HCNAR6SG.js"
    },
    "chunk-644Z7WI7": {
      "file": "chunk-644Z7WI7.js"
    },
    "chunk-FUS3YAE4": {
      "file": "chunk-FUS3YAE4.js"
    },
    "chunk-4A3CXPF2": {
      "file": "chunk-4A3CXPF2.js"
    },
    "chunk-QZ3YYIM6": {
      "file": "chunk-QZ3YYIM6.js"
    },
    "chunk-7UXD3U5R": {
      "file": "chunk-7UXD3U5R.js"
    },
    "chunk-IXIDN2OZ": {
      "file": "chunk-IXIDN2OZ.js"
    },
    "chunk-4RDLTH23": {
      "file": "chunk-4RDLTH23.js"
    },
    "chunk-YHCV7DAQ": {
      "file": "chunk-YHCV7DAQ.js"
    }
  }
}