{
  "hash": "9dbcde9a",
  "configHash": "ced745e0",
  "lockfileHash": "18a09aac",
  "browserHash": "d9eddea8",
  "optimized": {
    "@angular/cdk/bidi": {
      "src": "../../../../../../node_modules/@angular/cdk/fesm2022/bidi.mjs",
      "file": "@angular_cdk_bidi.js",
      "fileHash": "e5885666",
      "needsInterop": false
    },
    "@angular/cdk/scrolling": {
      "src": "../../../../../../node_modules/@angular/cdk/fesm2022/scrolling.mjs",
      "file": "@angular_cdk_scrolling.js",
      "fileHash": "b55b6f30",
      "needsInterop": false
    },
    "@angular/common": {
      "src": "../../../../../../node_modules/@angular/common/fesm2022/common.mjs",
      "file": "@angular_common.js",
      "fileHash": "53205975",
      "needsInterop": false
    },
    "@angular/common/http": {
      "src": "../../../../../../node_modules/@angular/common/fesm2022/http.mjs",
      "file": "@angular_common_http.js",
      "fileHash": "677fe46e",
      "needsInterop": false
    },
    "@angular/core": {
      "src": "../../../../../../node_modules/@angular/core/fesm2022/core.mjs",
      "file": "@angular_core.js",
      "fileHash": "d7d6e818",
      "needsInterop": false
    },
    "@angular/forms": {
      "src": "../../../../../../node_modules/@angular/forms/fesm2022/forms.mjs",
      "file": "@angular_forms.js",
      "fileHash": "e9796ae6",
      "needsInterop": false
    },
    "@angular/material/card": {
      "src": "../../../../../../node_modules/@angular/material/fesm2022/card.mjs",
      "file": "@angular_material_card.js",
      "fileHash": "3e3e40ee",
      "needsInterop": false
    },
    "@angular/material/divider": {
      "src": "../../../../../../node_modules/@angular/material/fesm2022/divider.mjs",
      "file": "@angular_material_divider.js",
      "fileHash": "c8dd280b",
      "needsInterop": false
    },
    "@angular/material/list": {
      "src": "../../../../../../node_modules/@angular/material/fesm2022/list.mjs",
      "file": "@angular_material_list.js",
      "fileHash": "56a1b149",
      "needsInterop": false
    },
    "@angular/material/sidenav": {
      "src": "../../../../../../node_modules/@angular/material/fesm2022/sidenav.mjs",
      "file": "@angular_material_sidenav.js",
      "fileHash": "6d7e2fca",
      "needsInterop": false
    },
    "@angular/material/snack-bar": {
      "src": "../../../../../../node_modules/@angular/material/fesm2022/snack-bar.mjs",
      "file": "@angular_material_snack-bar.js",
      "fileHash": "f47ffa3e",
      "needsInterop": false
    },
    "@angular/material/toolbar": {
      "src": "../../../../../../node_modules/@angular/material/fesm2022/toolbar.mjs",
      "file": "@angular_material_toolbar.js",
      "fileHash": "54002233",
      "needsInterop": false
    },
    "@angular/platform-browser": {
      "src": "../../../../../../node_modules/@angular/platform-browser/fesm2022/platform-browser.mjs",
      "file": "@angular_platform-browser.js",
      "fileHash": "44bfb183",
      "needsInterop": false
    },
    "@angular/router": {
      "src": "../../../../../../node_modules/@angular/router/fesm2022/router.mjs",
      "file": "@angular_router.js",
      "fileHash": "850cf09e",
      "needsInterop": false
    },
    "@angular/material/form-field": {
      "src": "../../../../../../node_modules/@angular/material/fesm2022/form-field.mjs",
      "file": "@angular_material_form-field.js",
      "fileHash": "72335955",
      "needsInterop": false
    },
    "@angular/material/input": {
      "src": "../../../../../../node_modules/@angular/material/fesm2022/input.mjs",
      "file": "@angular_material_input.js",
      "fileHash": "2e2bdec7",
      "needsInterop": false
    },
    "@angular/material/button": {
      "src": "../../../../../../node_modules/@angular/material/fesm2022/button.mjs",
      "file": "@angular_material_button.js",
      "fileHash": "421a346c",
      "needsInterop": false
    },
    "@angular/material/table": {
      "src": "../../../../../../node_modules/@angular/material/fesm2022/table.mjs",
      "file": "@angular_material_table.js",
      "fileHash": "ac01ea46",
      "needsInterop": false
    },
    "@angular/cdk/text-field": {
      "src": "../../../../../../node_modules/@angular/cdk/fesm2022/text-field.mjs",
      "file": "@angular_cdk_text-field.js",
      "fileHash": "1f3d8707",
      "needsInterop": false
    }
  },
  "chunks": {
    "chunk-DIL36TIY": {
      "file": "chunk-DIL36TIY.js"
    },
    "chunk-SZS4RJEH": {
      "file": "chunk-SZS4RJEH.js"
    },
    "chunk-DOOCYY6X": {
      "file": "chunk-DOOCYY6X.js"
    },
    "chunk-OOZCB3ES": {
      "file": "chunk-OOZCB3ES.js"
    },
    "chunk-RNXLZTL5": {
      "file": "chunk-RNXLZTL5.js"
    },
    "chunk-XNS4T3PZ": {
      "file": "chunk-XNS4T3PZ.js"
    },
    "chunk-OIZAD6NR": {
      "file": "chunk-OIZAD6NR.js"
    },
    "chunk-YURFKY7I": {
      "file": "chunk-YURFKY7I.js"
    },
    "chunk-MFHNUZKN": {
      "file": "chunk-MFHNUZKN.js"
    },
    "chunk-WOW2BP2F": {
      "file": "chunk-WOW2BP2F.js"
    },
    "chunk-OD44F52I": {
      "file": "chunk-OD44F52I.js"
    },
    "chunk-QEGPYYQA": {
      "file": "chunk-QEGPYYQA.js"
    },
    "chunk-BHRQVKLW": {
      "file": "chunk-BHRQVKLW.js"
    },
    "chunk-DAQRDSN2": {
      "file": "chunk-DAQRDSN2.js"
    },
    "chunk-UDNQAWME": {
      "file": "chunk-UDNQAWME.js"
    },
    "chunk-M3HR6BUY": {
      "file": "chunk-M3HR6BUY.js"
    },
    "chunk-UDU42JBG": {
      "file": "chunk-UDU42JBG.js"
    },
    "chunk-ZW7NN63F": {
      "file": "chunk-ZW7NN63F.js"
    },
    "chunk-MBY7XPFC": {
      "file": "chunk-MBY7XPFC.js"
    },
    "chunk-65RJ5ZZ2": {
      "file": "chunk-65RJ5ZZ2.js"
    },
    "chunk-JALJBC6N": {
      "file": "chunk-JALJBC6N.js"
    },
    "chunk-GZSH2FAC": {
      "file": "chunk-GZSH2FAC.js"
    },
    "chunk-6KMWFVLN": {
      "file": "chunk-6KMWFVLN.js"
    },
    "chunk-EOH7TK5Q": {
      "file": "chunk-EOH7TK5Q.js"
    }
  }
}